{
  "annotations": {
    "list": [
      {
        "builtIn": 1,
        "datasource": {"type": "grafana", "uid": "-- Grafana --"},
        "enable": true,
        "hide": true,
        "iconColor": "rgba(0, 211, 255, 1)",
        "name": "Аннотации и алерты",
        "type": "dashboard"
      }
    ]
  },
  "description": "Комплексный анализ производительности REST API",
  "editable": true,
  "fiscalYearStartMonth": 0,
  "graphTooltip": 0,
  "links": [],
  "liveNow": false,
  "panels": [
    {
      "datasource": {"uid": "P9744FCCEAAFBD98F", "type": "grafana-opensearch-datasource"},
      "fieldConfig": {
        "defaults": {
          "color": {"mode": "palette-classic"},
          "custom": {"axisLabel": "Время", "hideFrom": {"legend": false, "tooltip": false, "viz": false}}
        },
        "overrides": []
      },
      "gridPos": {"h": 3, "w": 24, "x": 0, "y": 0},
      "id": 11,
      "options": {
        "colorMode": "value",
        "graphMode": "none",
        "justifyMode": "auto",
        "orientation": "auto",
        "reduceOptions": {"calcs": ["lastNotNull"], "values": false},
        "text": {},
        "textMode": "auto"
      },
      "pluginVersion": "10.2.3",
      "targets": [{
        "query": "SELECT COUNT(*) as total_requests FROM \"rest_api_logs\"",
        "refId": "A",
        "queryType": "lucene",
        "rawQuery": true
      }],
      "title": "Общее количество запросов",
      "type": "stat"
    },
    {
      "datasource": {"uid": "P9744FCCEAAFBD98F", "type": "grafana-opensearch-datasource"},
      "fieldConfig": {
        "defaults": {
          "color": {"mode": "palette-classic"},
          "custom": {"axisLabel": "Время", "drawStyle": "line", "fillOpacity": 10}
        },
        "overrides": []
      },
      "gridPos": {"h": 8, "w": 12, "x": 0, "y": 3},
      "id": 1,
      "options": {
        "legend": {"calcs": [], "displayMode": "list", "placement": "bottom"},
        "tooltip": {"mode": "single", "sort": "none"}
      },
      "targets": [{
        "query": "SELECT DATE_HISTOGRAM(interval 5m, timestamp) AS time, COUNT(*) as \"Количество\" FROM \"rest_api_logs\" GROUP BY time",
        "refId": "A",
        "queryType": "lucene",
        "rawQuery": true
      }],
      "title": "Динамика запросов по времени",
      "type": "timeseries"
    },
    {
      "datasource": {"uid": "P9744FCCEAAFBD98F", "type": "grafana-opensearch-datasource"},
      "fieldConfig": {"defaults": {}, "overrides": []},
      "gridPos": {"h": 8, "w": 12, "x": 12, "y": 3},
      "id": 2,
      "options": {
        "legend": {"displayMode": "table", "placement": "bottom"},
        "tooltip": {"mode": "multi"}
      },
      "targets": [{
        "query": "SELECT DATE_HISTOGRAM(interval 5m, timestamp) AS time, PERCENTILE(duration, 50) as \"50-й перцентиль\", PERCENTILE(duration, 95) as \"95-й перцентиль\" FROM \"rest_api_logs\" GROUP BY time",
        "refId": "A",
        "queryType": "lucene",
        "rawQuery": true
      }],
      "title": "Время ответа (перцентили)",
      "type": "timeseries"
    },
    {
      "datasource": {"uid": "P9744FCCEAAFBD98F", "type": "grafana-opensearch-datasource"},
      "fieldConfig": {"defaults": {}, "overrides": []},
      "gridPos": {"h": 8, "w": 8, "x": 0, "y": 11},
      "id": 3,
      "options": {
        "pieType": "pie",
        "reduceOptions": {"calcs": ["lastNotNull"], "values": false},
        "legend": {"showLegend": true, "placement": "right"}
      },
      "targets": [{
        "query": "SELECT result.keyword as \"Результат\", COUNT(*) as \"Количество\" FROM \"rest_api_logs\" GROUP BY result.keyword",
        "refId": "A",
        "queryType": "lucene",
        "rawQuery": true
      }],
      "title": "Соотношение успешных/ошибочных запросов",
      "type": "piechart"
    },
    {
      "datasource": {"uid": "P9744FCCEAAFBD98F", "type": "grafana-opensearch-datasource"},
      "fieldConfig": {"defaults": {}, "overrides": []},
      "gridPos": {"h": 8, "w": 8, "x": 8, "y": 11},
      "id": 4,
      "options": {
        "showHeader": true,
        "sortBy": [{"desc": true, "displayName": "Запросы"}],
        "footer": {"show": false}
      },
      "targets": [{
        "query": "SELECT method.keyword as \"Метод\", COUNT(*) as \"Запросы\" FROM \"rest_api_logs\" GROUP BY method.keyword ORDER BY \"Запросы\" DESC",
        "refId": "A",
        "queryType": "lucene",
        "rawQuery": true
      }],
      "title": "Топ методов API",
      "type": "table"
    },
    {
      "datasource": {"uid": "P9744FCCEAAFBD98F", "type": "grafana-opensearch-datasource"},
      "fieldConfig": {"defaults": {}, "overrides": []},
      "gridPos": {"h": 8, "w": 8, "x": 16, "y": 11},
      "id": 5,
      "options": {
        "colorMode": "value",
        "orientation": "horizontal"
      },
      "targets": [{
        "query": "SELECT ip.keyword as \"IP\", COUNT(*) as \"Ошибки\" FROM \"rest_api_logs\" WHERE result.keyword = 'error' GROUP BY ip.keyword ORDER BY \"Ошибки\" DESC LIMIT 10",
        "refId": "A",
        "queryType": "lucene",
        "rawQuery": true
      }],
      "title": "Топ IP с ошибками",
      "type": "barchart"
    },
    {
      "datasource": {"uid": "P9744FCCEAAFBD98F", "type": "grafana-opensearch-datasource"},
      "fieldConfig": {"defaults": {}, "overrides": []},
      "gridPos": {"h": 8, "w": 12, "x": 0, "y": 19},
      "id": 6,
      "options": {
        "bucketSize": 0.1,
        "combine": false,
        "legend": {"showLegend": true}
      },
      "targets": [{
        "query": "SELECT HISTOGRAM(duration, interval 0.1) as \"Интервал\", COUNT(*) as \"Количество\" FROM \"rest_api_logs\" GROUP BY \"Интервал\"",
        "refId": "A",
        "queryType": "lucene",
        "rawQuery": true
      }],
      "title": "Распределение времени ответа",
      "type": "histogram"
    },
    {
      "datasource": {"uid": "P9744FCCEAAFBD98F", "type": "grafana-opensearch-datasource"},
      "fieldConfig": {"defaults": {}, "overrides": []},
      "gridPos": {"h": 8, "w": 12, "x": 12, "y": 19},
      "id": 7,
      "options": {
        "showHeader": true,
        "sortBy": [{"desc": true, "displayName": "Макс. время"}]
      },
      "targets": [{
        "query": "SELECT user_id as \"Пользователь\", MAX(duration) as \"Макс. время\", AVG(duration) as \"Среднее время\" FROM \"rest_api_logs\" GROUP BY user_id ORDER BY \"Макс. время\" DESC LIMIT 10",
        "refId": "A",
        "queryType": "lucene",
        "rawQuery": true
      }],
      "title": "Время ответа по пользователям",
      "type": "table"
    },
    {
      "datasource": {"uid": "P9744FCCEAAFBD98F", "type": "grafana-opensearch-datasource"},
      "fieldConfig": {"defaults": {}, "overrides": []},
      "gridPos": {"h": 8, "w": 12, "x": 0, "y": 27},
      "id": 8,
      "options": {
        "colorMode": "value",
        "orientation": "vertical"
      },
      "targets": [{
        "query": "SELECT DATE_HISTOGRAM(interval 1h, timestamp) AS time, COUNT(*) as \"Запросы\" FROM \"rest_api_logs\" GROUP BY time",
        "refId": "A",
        "queryType": "lucene",
        "rawQuery": true
      }],
      "title": "Часовой паттерн запросов",
      "type": "barchart"
    },
    {
      "datasource": {"uid": "P9744FCCEAAFBD98F", "type": "grafana-opensearch-datasource"},
      "fieldConfig": {"defaults": {}, "overrides": []},
      "gridPos": {"h": 8, "w": 12, "x": 12, "y": 27},
      "id": 9,
      "options": {
        "legend": {"displayMode": "table", "placement": "bottom"},
        "tooltip": {"mode": "multi"}
      },
      "targets": [{
        "query": "SELECT method.keyword as \"Метод\", ip.keyword as \"IP\", COUNT(*) as \"Количество\" FROM \"rest_api_logs\" GROUP BY method.keyword, ip.keyword ORDER BY \"Количество\" DESC LIMIT 20",
        "refId": "A",
        "queryType": "lucene",
        "rawQuery": true
      }],
      "title": "Сочетания методов и IP",
      "type": "heatmap"
    }
  ],
  "refresh": "1m",
  "schemaVersion": 39,
  "tags": ["API", "Мониторинг", "OpenSearch"],
  "templating": {
    "list": [
      {
        "name": "Метод",
        "label": "Фильтр по методу",
        "type": "query",
        "datasource": {"uid": "P9744FCCEAAFBD98F", "type": "grafana-opensearch-datasource"},
        "query": "{\"field\":\"method.keyword\",\"query\":\"\",\"size\":1000}",
        "refresh": 2,
        "includeAll": true,
        "allValue": ".*",
        "multi": true,
        "current": {"selected": true, "text": "Все", "value": ["$__all"]}
      },
      {
        "name": "Результат",
        "label": "Фильтр по результату",
        "type": "query",
        "datasource": {"uid": "P9744FCCEAAFBD98F", "type": "grafana-opensearch-datasource"},
        "query": "{\"field\":\"result.keyword\",\"query\":\"\",\"size\":1000}",
        "refresh": 2,
        "includeAll": true,
        "allValue": ".*",
        "multi": true,
        "current": {"selected": true, "text": "Все", "value": ["$__all"]}
      }
    ]
  },
  "time": {"from": "now-7d", "to": "now"},
  "title": "Аналитика REST API",
  "uid": "550e8400-e29b-41d4-a716-446655440000",
  "version": 23
}