{
  "uid": "rest-api-monitoring",
  "title": "REST API Analytics Dashboard",
  "schemaVersion": 37,
  "timezone": "browser",
  "panels": [

    {
      "id": 1,
      "title": "Среднее время выполнения (без аггрегации)",
      "type": "timeseries",
      "gridPos": {"x": 0, "y": 0, "w": 12, "h": 8},
      "datasource": {"type": "opensearch", "uid": "P9744FCCEAAFBD98F"},
      "targets": [{
        "metrics": [{"type": "avg", "field": "duration", "id": "1"}],
        "bucketAggs": [
          {"type": "date_histogram", "field": "timestamp", "settings": {"interval": "auto"}, "id": "2"}
        ]
      }],
      "options": {"legend": {"displayMode": "table", "placement": "right"}}
    },


    {
      "id": 2,
      "title": "Распределение запросов по методам",
      "type": "barchart",
      "gridPos": {"x": 12, "y": 0, "w": 12, "h": 8},
      "datasource": {"type": "opensearch", "uid": "P9744FCCEAAFBD98F"},
      "targets": [{
        "query": "",
        "metrics": [{"type": "count", "id": "1"}],
        "bucketAggs": [
          {"type": "terms", "field": "method.keyword", "settings": {"size": "10"}, "id": "2"}
        ]
      }]
    },


    {
      "id": 3,
      "title": "Топ 10 активных IP-адресов",
      "type": "table",
      "gridPos": {"x": 0, "y": 8, "w": 8, "h": 8},
      "datasource": {"type": "opensearch", "uid": "P9744FCCEAAFBD98F"},
      "targets": [{
        "query": "",
        "metrics": [{"type": "count", "id": "1"}],
        "bucketAggs": [
          {"type": "terms", "field": "ip.keyword", "settings": {"size": "10"}, "id": "2"}
        ]
      }],
      "options": {"showHeader": true, "sortBy": "desc"}
    },


    {
      "id": 4,
      "title": "Соотношение успешных/ошибочных операций",
      "type": "piechart",
      "gridPos": { "x": 16, "y": 8, "w": 8, "h": 8 },
      "datasource": {
        "type": "opensearch",
        "uid": "P9744FCCEAAFBD98F"
      },
      "targets": [
        {
          "refId": "A",
          "query": "*",
          "metrics": [
            {
              "id": "1",
              "type": "count"
            }
          ],
          "bucketAggs": [
            {
              "id": "2",
              "type": "terms",
              "field": "result.keyword",
              "settings": {
                "size": 5
              }
            }
          ]
        }
      ],
      "options": {
        "displayLabels": ["name", "percent", "value"],
        "legend": {
          "displayMode": "table",
          "placement": "right"
        },
        "pieType": "donut"
      },
      "fieldConfig": {
        "defaults": {
          "color": {
            "mode": "palette-classic"
          }
        },
        "overrides": [
          {
            "matcher": {
              "id": "byName",
              "options": "success"
            },
            "properties": [
              {
                "id": "color",
                "value": {
                  "mode": "fixed",
                  "fixedColor": "green"
                }
              }
            ]
          },
          {
            "matcher": {
              "id": "byName",
              "options": "error - insufficient_scope: The request requires higher privileges than provided by the webhook token"
            },
            "properties": [
              {
                "id": "color",
                "value": {
                  "mode": "fixed",
                  "fixedColor": "red"
                }
              }
            ]
          }
        ]
      }
    },


    {
      "id": 5,
      "title": "Гистограмма времени ответа",
      "type": "histogram",
      "gridPos": {"x": 0, "y": 16, "w": 12, "h": 8},
      "datasource": {"type": "opensearch", "uid": "P9744FCCEAAFBD98F"},
      "targets": [{
        "query": "",
        "metrics": [{"type": "count", "id": "1"}],
        "bucketAggs": [
          {"type": "histogram", "field": "duration", "settings": {"interval": "0.5"}, "id": "2"}
        ]
      }]
    },


    {
      "id": 6,
      "title": "Топ 10 медленных запросов",
      "type": "table",
      "gridPos": {"x": 12, "y": 16, "w": 12, "h": 8},
      "datasource": {"type": "opensearch", "uid": "P9744FCCEAAFBD98F"},
      "targets": [{
        "query": "",
        "metrics": [{"type": "max", "field": "duration", "id": "1"}],
        "bucketAggs": [
          {"type": "terms", "field": "method.keyword", "settings": {"size": "10"}, "id": "2"}
        ]
      }],
      "options": {"sortBy": "max_duration"}
    },


    {
      "id": 7,
      "title": "Геораспределение запросов",
      "type": "geomap",
      "gridPos": {"x": 0, "y": 24, "w": 12, "h": 8},
      "datasource": {"type": "opensearch", "uid": "P9744FCCEAAFBD98F"},
      "targets": [{
        "query": "",
        "metrics": [{"type": "count", "id": "1"}],
        "bucketAggs": [
          {"type": "geohash_grid", "field": "ip.keyword", "settings": {"precision": "3"}, "id": "2"}
        ]
      }]
    },


  {
    "id": 8,
    "title": "Ошибки по типу",
    "type": "table",
    "gridPos": {"x": 12, "y": 24, "w": 12, "h": 6},
    "datasource": {"type": "opensearch", "uid": "P9744FCCEAAFBD98F"},
    "targets": [{
      "query": "",
      "metrics": [{"type": "count", "id": "1"}],
      "bucketAggs": [
        {
          "type": "terms",
          "field": "result.keyword",
          "settings": {"size": 10},
          "id": "2"
        }
      ]
    }],
    "options": {
      "showHeader": true,
      "sortBy": "desc"
    }
  }




  ],
  "templating": {
    "list": [
      {
        "name": "method",
        "label": "Метод",
        "query": "terms field=method.keyword",
        "datasource": {"type": "opensearch", "uid": "P9744FCCEAAFBD98F"},
        "type": "query"
      },
      {
        "name": "result",
        "label": "Результат",
        "query": "terms field=result.keyword",
        "datasource": {"type": "opensearch", "uid": "P9744FCCEAAFBD98F"},
        "type": "query"
      }
    ]
  },
  "time": {
    "from": "now-24h",
    "to": "now"
  },
  "refresh": "1m"
}